<?xml version="1.0" encoding="UTF-8"?>
<serialized version="14.2" xml:space="preserve">
	<map>
		<entry>
			<String>xsd.documentation.options</String>
			<xsdDocumentationOptions>
				<field name="imageType">
					<String>svg</String>
				</field>
				<field name="includeGlobalElements">
					<Boolean>true</Boolean>
				</field>
				<field name="includeGlobalAttributes">
					<Boolean>true</Boolean>
				</field>
				<field name="includeLocalElements">
					<Boolean>true</Boolean>
				</field>
				<field name="includeLocalAttributes">
					<Boolean>true</Boolean>
				</field>
				<field name="includeSimpleTypes">
					<Boolean>true</Boolean>
				</field>
				<field name="includeComplexTypes">
					<Boolean>true</Boolean>
				</field>
				<field name="includeGroups">
					<Boolean>true</Boolean>
				</field>
				<field name="includeAttributesGroups">
					<Boolean>true</Boolean>
				</field>
				<field name="includeRedefines">
					<Boolean>true</Boolean>
				</field>
				<field name="includeReferencedSchemas">
					<Boolean>true</Boolean>
				</field>
				<field name="includeNotations">
					<Boolean>true</Boolean>
				</field>
				<field name="detailsDiagram">
					<Boolean>true</Boolean>
				</field>
				<field name="detailsNamespace">
					<Boolean>true</Boolean>
				</field>
				<field name="detailsLocation">
					<Boolean>false</Boolean>
				</field>
				<field name="detailsType">
					<Boolean>true</Boolean>
				</field>
				<field name="detailsTypeHierarchy">
					<Boolean>true</Boolean>
				</field>
				<field name="detailsModel">
					<Boolean>true</Boolean>
				</field>
				<field name="detailsChildren">
					<Boolean>true</Boolean>
				</field>
				<field name="detailsInstance">
					<Boolean>true</Boolean>
				</field>
				<field name="detailsUsedby">
					<Boolean>true</Boolean>
				</field>
				<field name="detailsProperties">
					<Boolean>true</Boolean>
				</field>
				<field name="detailsFacets">
					<Boolean>true</Boolean>
				</field>
				<field name="detailsAttributes">
					<Boolean>true</Boolean>
				</field>
				<field name="detailsAsserts">
					<Boolean>true</Boolean>
				</field>
				<field name="detailsIdentityConstr">
					<Boolean>true</Boolean>
				</field>
				<field name="detailsEscapeAnn">
					<Boolean>true</Boolean>
				</field>
				<field name="detailsSource">
					<Boolean>true</Boolean>
				</field>
				<field name="detailsAnnotations">
					<Boolean>true</Boolean>
				</field>
				<field name="includeIndexLocalComponents">
					<Boolean>true</Boolean>
				</field>
				<field name="showAnnotationsInDiagram">
					<Boolean>true</Boolean>
				</field>
				<field name="filterByLanguage">
					<Boolean>false</Boolean>
				</field>
				<field name="languageToFilter">
					<String>en</String>
				</field>
				<field name="includeIndexResourceHierarchy">
					<Boolean>true</Boolean>
				</field>
				<field name="unexpandedOutputFile">
					<String>../doc/${cfn}/index.html</String>
				</field>
				<field name="splitMethod">
					<Integer>4</Integer>
				</field>
				<field name="openOutputInBrowser">
					<Boolean>false</Boolean>
				</field>
				<field name="format">
					<Integer>1</Integer>
				</field>
				<field name="customXSL">
					<null/>
				</field>
				<field name="deleteXMLFiles">
					<Boolean>true</Boolean>
				</field>
				<field name="includeIndex">
					<Boolean>true</Boolean>
				</field>
				<field name="copyAdditionalResources">
					<Boolean>false</Boolean>
				</field>
				<field name="additionalResourcesDir">
					<null/>
				</field>
			</xsdDocumentationOptions>
		</entry>
	</map>
</serialized>